--- Last edit 16.11.2014

------------Insert into MANAGER
INSERT INTO "TURCAVIC"."MANAGER" (MAID, NAME, SURNAME) VALUES ('1', 'Peter', 'Hardigan');
INSERT INTO "TURCAVIC"."MANAGER" (MAID, NAME, SURNAME) VALUES ('2', 'Alex', 'Morgan');
INSERT INTO "TURCAVIC"."MANAGER" (MAID, NAME, SURNAME) VALUES ('3', 'John', 'Connor');


------------Insert into Movie_Shop
INSERT INTO "TURCAVIC"."MOVIESHOP" (MOSHID, NAME, ADDRESS) VALUES ('1', 'Cinemex', 'Prague 1');
INSERT INTO "TURCAVIC"."MOVIESHOP" (MOSHID, NAME, ADDRESS) VALUES ('2', 'Moviesh1', 'Prague 6');
INSERT INTO "TURCAVIC"."MOVIESHOP" (MOSHID, NAME, ADDRESS) VALUES ('3', 'Cinelux', 'Prague 6');


------------Insert into manag_mov_sh
INSERT INTO "TURCAVIC"."MANAG_MOV_SH" (MAID, MOSHID) VALUES ('1', '1');
INSERT INTO "TURCAVIC"."MANAG_MOV_SH" (MAID, MOSHID) VALUES ('2', '3');
INSERT INTO "TURCAVIC"."MANAG_MOV_SH" (MAID, MOSHID) VALUES ('3', '2');


------------Insert into Shop_Assistant
INSERT INTO "TURCAVIC"."SHOP_ASSISTANT" (SHAID, NAME, SURNAME, MOSHID) VALUES ('1', 'Mary', 'Nemciuc', '1');
INSERT INTO "TURCAVIC"."SHOP_ASSISTANT" (SHAID, NAME, SURNAME, MOSHID) VALUES ('2', 'Nicolai', 'Melnic', '2');
INSERT INTO "TURCAVIC"."SHOP_ASSISTANT" (SHAID, NAME, SURNAME, MOSHID) VALUES ('3', 'Marco', 'Baric', '3');
INSERT INTO "TURCAVIC"."SHOP_ASSISTANT" (SHAID, NAME, SURNAME, MOSHID) VALUES ('4', 'Andrew', 'Potiomkin', '3');
INSERT INTO "TURCAVIC"."SHOP_ASSISTANT" (SHAID, NAME, SURNAME, MOSHID) VALUES ('5', 'Constantin', 'Muller', '1');


------------Insert into Customer
INSERT INTO "TURCAVIC"."CUSTOMER" (CUID, NAME) VALUES ('1', 'Martin');
INSERT INTO "TURCAVIC"."CUSTOMER" (CUID, NAME) VALUES ('2', 'Andrew');
INSERT INTO "TURCAVIC"."CUSTOMER" (CUID, NAME) VALUES ('3', 'Chris');
INSERT INTO "TURCAVIC"."CUSTOMER" (CUID, NAME) VALUES ('4', 'Ann');
INSERT INTO "TURCAVIC"."CUSTOMER" (CUID, NAME) VALUES ('5', 'Jessica');


------------Insert into Movie
INSERT INTO "TURCAVIC"."MOVIE" (MOID, TITLE, YEAR) VALUES ('1', 'Titanic', '1999');
INSERT INTO "TURCAVIC"."MOVIE" (MOID, TITLE, YEAR) VALUES ('2', 'The Departed', '2004');
INSERT INTO "TURCAVIC"."MOVIE" (MOID, TITLE, YEAR) VALUES ('3', 'Good Will Hunting', '1995');
INSERT INTO "TURCAVIC"."MOVIE" (MOID, TITLE, YEAR) VALUES ('4', 'The Godfather', '1972');
INSERT INTO "TURCAVIC"."MOVIE" (MOID, TITLE, YEAR) VALUES ('5', 'Pulp Fiction', '1994');
INSERT INTO "TURCAVIC"."MOVIE" (MOID, TITLE, YEAR) VALUES ('6', 'Star Trek', '2009');
INSERT INTO "TURCAVIC"."MOVIE" (MOID, TITLE, YEAR) VALUES ('7', 'Pirates of the Carribean', '2006');


------------Insert into Copy
INSERT INTO "TURCAVIC"."COPY" (COID, MOID) VALUES ('1', '1');
INSERT INTO "TURCAVIC"."COPY" (COID, MOID) VALUES ('2', '2');
INSERT INTO "TURCAVIC"."COPY" (COID, MOID) VALUES ('3', '3');
INSERT INTO "TURCAVIC"."COPY" (COID, MOID) VALUES ('4', '3');
INSERT INTO "TURCAVIC"."COPY" (COID, MOID) VALUES ('5', '2');
INSERT INTO "TURCAVIC"."COPY" (COID, MOID) VALUES ('6', '2');
INSERT INTO "TURCAVIC"."COPY" (COID, MOID) VALUES ('7', '4');
INSERT INTO "TURCAVIC"."COPY" (COID, MOID) VALUES ('8', '4');
INSERT INTO "TURCAVIC"."COPY" (COID, MOID) VALUES ('9', '5');
INSERT INTO "TURCAVIC"."COPY" (COID, MOID) VALUES ('10', '5');
INSERT INTO "TURCAVIC"."COPY" (COID, MOID) VALUES ('11', '5');
INSERT INTO "TURCAVIC"."COPY" (COID, MOID) VALUES ('12', '6');
INSERT INTO "TURCAVIC"."COPY" (COID, MOID) VALUES ('13', '7');


------------Insert into Sale
INSERT INTO "TURCAVIC"."SALE" (SAID, date1, SHAID, CUID, COID) VALUES ('1', TO_DATE('2014-11-08 15:29:19', 'YYYY-MM-DD HH24:MI:SS'), '1', '1', '1');
INSERT INTO "TURCAVIC"."SALE" (SAID, date1, SHAID, CUID, COID) VALUES ('2', TO_DATE('2014-11-07 15:29:19', 'YYYY-MM-DD HH24:MI:SS'), '2', '5', '3');
INSERT INTO "TURCAVIC"."SALE" (SAID, date1, SHAID, CUID, COID) VALUES ('3', TO_DATE('2014-11-09 15:29:19', 'YYYY-MM-DD HH24:MI:SS'), '3', '2', '6');
INSERT INTO "TURCAVIC"."SALE" (SAID, date1, SHAID, CUID, COID) VALUES ('4', TO_DATE('2014-10-06 15:29:19', 'YYYY-MM-DD HH24:MI:SS'), '1', '4', '2');
INSERT INTO "TURCAVIC"."SALE" (SAID, date1, SHAID, CUID, COID) VALUES ('5', TO_DATE('2014-9-08 15:29:19', 'YYYY-MM-DD HH24:MI:SS'), '4', '2', '5');
INSERT INTO "TURCAVIC"."SALE" (SAID, date1, SHAID, CUID, COID) VALUES ('6', TO_DATE('2014-12-08 15:29:19', 'YYYY-MM-DD HH24:MI:SS'), '1', '3', '7');
INSERT INTO "TURCAVIC"."SALE" (SAID, date1, SHAID, CUID, COID) VALUES ('7', TO_DATE('2014-11-08 15:29:19', 'YYYY-MM-DD HH24:MI:SS'), '2', '5', '11');
INSERT INTO "TURCAVIC"."SALE" (SAID, DATE1, SHAID, CUID, COID) VALUES ('8', TO_DATE('2014-12-15 15:36:31', 'YYYY-MM-DD HH24:MI:SS'), '1', '2', '4');
INSERT INTO "TURCAVIC"."SALE" (SAID, DATE1, SHAID, CUID, COID) VALUES ('9', TO_DATE('2014-12-15 15:36:45', 'YYYY-MM-DD HH24:MI:SS'), '1', '5', '8');
INSERT INTO "TURCAVIC"."SALE" (SAID, DATE1, SHAID, CUID, COID) VALUES ('10', TO_DATE('2014-12-15 15:41:36', 'YYYY-MM-DD HH24:MI:SS'), '2', '2', '8');
INSERT INTO "TURCAVIC"."SALE" (SAID, DATE1, SHAID, CUID, COID) VALUES ('11', TO_DATE('2014-12-15 15:41:56', 'YYYY-MM-DD HH24:MI:SS'), '5', '2', '9');

------------Insert into Actor
INSERT INTO "TURCAVIC"."ACTOR" (ACTID, NAME, SURNAME) VALUES ('1', 'Johny', 'Depp');
INSERT INTO "TURCAVIC"."ACTOR" (ACTID, NAME, SURNAME) VALUES ('2', 'Leonardo', 'DiCaprio');
INSERT INTO "TURCAVIC"."ACTOR" (ACTID, NAME, SURNAME) VALUES ('3', 'Matt', 'Damon');
INSERT INTO "TURCAVIC"."ACTOR" (ACTID, NAME, SURNAME) VALUES ('4', 'Zachary', 'Quinto');
INSERT INTO "TURCAVIC"."ACTOR" (ACTID, NAME, SURNAME) VALUES ('5', 'Al', 'Pacino');
INSERT INTO "TURCAVIC"."ACTOR" (ACTID, NAME, SURNAME) VALUES ('6', 'Kate', 'Winslet');
INSERT INTO "TURCAVIC"."ACTOR" (ACTID, NAME, SURNAME) VALUES ('7', 'Keira', 'Knightley');
INSERT INTO "TURCAVIC"."ACTOR" (ACTID, NAME, SURNAME) VALUES ('8', 'Ben', 'Affleck');
INSERT INTO "TURCAVIC"."ACTOR" (ACTID, NAME, SURNAME) VALUES ('9', 'Uma', 'Thurman');


------------Insert into Movie_Actor
INSERT INTO "TURCAVIC"."MOVIE_ACTOR" (MOID, ACTID) VALUES ('1', '2');
INSERT INTO "TURCAVIC"."MOVIE_ACTOR" (MOID, ACTID) VALUES ('1', '6');
INSERT INTO "TURCAVIC"."MOVIE_ACTOR" (MOID, ACTID) VALUES ('2', '2');
INSERT INTO "TURCAVIC"."MOVIE_ACTOR" (MOID, ACTID) VALUES ('2', '3');
INSERT INTO "TURCAVIC"."MOVIE_ACTOR" (MOID, ACTID) VALUES ('3', '3');
INSERT INTO "TURCAVIC"."MOVIE_ACTOR" (MOID, ACTID) VALUES ('3', '8');
INSERT INTO "TURCAVIC"."MOVIE_ACTOR" (MOID, ACTID) VALUES ('4', '5');
INSERT INTO "TURCAVIC"."MOVIE_ACTOR" (MOID, ACTID) VALUES ('5', '9');
INSERT INTO "TURCAVIC"."MOVIE_ACTOR" (MOID, ACTID) VALUES ('6', '4');
INSERT INTO "TURCAVIC"."MOVIE_ACTOR" (MOID, ACTID) VALUES ('7', '1');
INSERT INTO "TURCAVIC"."MOVIE_ACTOR" (MOID, ACTID) VALUES ('7', '7');


------------Insert into Awards
INSERT INTO "TURCAVIC"."AWARDS" (AWID, NAME) VALUES ('1', 'Oscar: Best male role');
INSERT INTO "TURCAVIC"."AWARDS" (AWID, NAME) VALUES ('2', 'Cannes: Best comedy movie');
INSERT INTO "TURCAVIC"."AWARDS" (AWID, NAME) VALUES ('3', 'Oscar: Best female role');
INSERT INTO "TURCAVIC"."AWARDS" (AWID, NAME) VALUES ('4', 'Golden Globe: Best female role');
INSERT INTO "TURCAVIC"."AWARDS" (AWID, NAME) VALUES ('5', 'Oscar: Best writing');
INSERT INTO "TURCAVIC"."AWARDS" (AWID, NAME) VALUES ('6', 'Boston Society: Best Ensemble Cast');
INSERT INTO "TURCAVIC"."AWARDS" (AWID, NAME) VALUES ('7', 'Oscar:  Best Visual Effects');
INSERT INTO "TURCAVIC"."AWARDS" (AWID, NAME) VALUES ('8', 'Oscar: Best Picture');
INSERT INTO "TURCAVIC"."AWARDS" (AWID, NAME) VALUES ('9', 'Oscar: Best Motion Picture of the Year');



------------Insert into Actor_Awards_Movie
INSERT INTO "TURCAVIC"."ACTOR_AWARDS_MOVIE" (ACTAWDMOID, YEAR, ACTID, AWID, MOID) VALUES ('1', '1986', '1', '1', '1');
INSERT INTO "TURCAVIC"."ACTOR_AWARDS_MOVIE" (ACTAWDMOID, YEAR, ACTID, AWID, MOID) VALUES ('2', '1999', '6', '3', '1');
INSERT INTO "TURCAVIC"."ACTOR_AWARDS_MOVIE" (ACTAWDMOID, YEAR, ACTID, AWID, MOID) VALUES ('3', '1994', '9', '4', '5');
INSERT INTO "TURCAVIC"."ACTOR_AWARDS_MOVIE" (ACTAWDMOID, YEAR, ACTID, AWID, MOID) VALUES ('4', '1998', '8', '5', '3');
INSERT INTO "TURCAVIC"."ACTOR_AWARDS_MOVIE" (ACTAWDMOID, YEAR, ACTID, AWID, MOID) VALUES ('5', '2009', '4', '6', '6');



------------Insert into Movie_Awards
INSERT INTO "TURCAVIC"."MOVIE_AWARDS" (AWID, MOID, YEAR) VALUES ('2', '7', '2007');
INSERT INTO "TURCAVIC"."MOVIE_AWARDS" (AWID, MOID, YEAR) VALUES ('7', '7', '2006');
INSERT INTO "TURCAVIC"."MOVIE_AWARDS" (AWID, MOID, YEAR) VALUES ('8', '4', '2006');
INSERT INTO "TURCAVIC"."MOVIE_AWARDS" (AWID, MOID, YEAR) VALUES ('9', '2', '2007');


------------Insert into Genre
INSERT INTO "TURCAVIC"."GENRE" (GEID, NAME) VALUES ('1', 'Comedy');
INSERT INTO "TURCAVIC"."GENRE" (GEID, NAME) VALUES ('2', 'Drama');
INSERT INTO "TURCAVIC"."GENRE" (GEID, NAME) VALUES ('3', 'Crime');
INSERT INTO "TURCAVIC"."GENRE" (GEID, NAME) VALUES ('4', 'Science Fiction');
INSERT INTO "TURCAVIC"."GENRE" (GEID, NAME) VALUES ('5', 'Thriller');
INSERT INTO "TURCAVIC"."GENRE" (GEID, NAME) VALUES ('6', 'Biography');
INSERT INTO "TURCAVIC"."GENRE" (GEID, NAME) VALUES ('7', 'Action');


------------Insert into Movie_Genres
INSERT INTO "TURCAVIC"."MOVIE_GENRES" (MOID,  GEID) VALUES ('1', '2');
INSERT INTO "TURCAVIC"."MOVIE_GENRES" (MOID,  GEID) VALUES ('2', '2');
INSERT INTO "TURCAVIC"."MOVIE_GENRES" (MOID,  GEID) VALUES ('2', '3');
INSERT INTO "TURCAVIC"."MOVIE_GENRES" (MOID,  GEID) VALUES ('2', '7');
INSERT INTO "TURCAVIC"."MOVIE_GENRES" (MOID,  GEID) VALUES ('3', '2');
INSERT INTO "TURCAVIC"."MOVIE_GENRES" (MOID,  GEID) VALUES ('3', '6');
INSERT INTO "TURCAVIC"."MOVIE_GENRES" (MOID,  GEID) VALUES ('4', '2');
INSERT INTO "TURCAVIC"."MOVIE_GENRES" (MOID,  GEID) VALUES ('4', '3');
INSERT INTO "TURCAVIC"."MOVIE_GENRES" (MOID,  GEID) VALUES ('4', '6');
INSERT INTO "TURCAVIC"."MOVIE_GENRES" (MOID,  GEID) VALUES ('5', '1');
INSERT INTO "TURCAVIC"."MOVIE_GENRES" (MOID,  GEID) VALUES ('5', '7');
INSERT INTO "TURCAVIC"."MOVIE_GENRES" (MOID,  GEID) VALUES ('6', '1');
INSERT INTO "TURCAVIC"."MOVIE_GENRES" (MOID,  GEID) VALUES ('6', '4');
INSERT INTO "TURCAVIC"."MOVIE_GENRES" (MOID,  GEID) VALUES ('7', '1');
INSERT INTO "TURCAVIC"."MOVIE_GENRES" (MOID,  GEID) VALUES ('7', '7');



-- INSERT INTO "TURCAVIC"."MOVIE" (MOID, TITLE) VALUES ('1', 'Titanic');
-- INSERT INTO "TURCAVIC"."MOVIE" (MOID, TITLE) VALUES ('2', 'The Departed');
-- INSERT INTO "TURCAVIC"."MOVIE" (MOID, TITLE) VALUES ('3', 'Good Will Hunting');
-- INSERT INTO "TURCAVIC"."MOVIE" (MOID, TITLE) VALUES ('4', 'The Godfather');
-- INSERT INTO "TURCAVIC"."MOVIE" (MOID, TITLE) VALUES ('5', 'Pulp Fiction');
-- INSERT INTO "TURCAVIC"."MOVIE" (MOID, TITLE) VALUES ('6', 'Star Trek');
-- INSERT INTO "TURCAVIC"."MOVIE" (MOID, TITLE) VALUES ('7', 'Pirates of the Carribean');